user_id,session_id,timestamp,activity_type,page_url,duration_ms,device_type,ip_address
764,52,2022-10-08 20,click,page_7,155,mobile,192.168.0.2
20,297,2022-09-18 10,hover,page_7,384,desktop,192.168.0.2
911,570,2022-09-11 02,click,page_3,475,desktop,192.168.0.2
898,360,2022-12-05 10,scroll,page_7,128,mobile,192.168.0.1
470,100,2022-02-13 05,click,page_6,441,desktop,192.168.0.2
314,393,2022-03-18 14,hover,page_1,176,desktop,192.168.0.1
325,751,2022-11-27 03,scroll,page_7,588,desktop,192.168.0.1
392,229,2022-06-24 13,hover,page_5,178,mobile,192.168.0.1
444,688,2022-09-18 01,hover,page_2,272,desktop,192.168.0.2
589,933,2022-06-09 18,scroll,page_3,194,mobile,192.168.0.2
503,716,2022-10-03 16,click,page_2,172,mobile,192.168.0.2
129,933,2022-08-06 09,hover,page_8,512,desktop,192.168.0.1
396,352,2022-03-18 10,click,page_4,227,mobile,192.168.0.2
516,229,2022-01-04 07,scroll,page_9,293,mobile,192.168.0.2
333,681,2022-06-07 06,scroll,page_7,586,mobile,192.168.0.1
613,417,2022-04-21 01,scroll,page_4,571,desktop,192.168.0.1
781,641,2022-02-11 06,hover,page_1,598,mobile,192.168.0.1
618,995,2022-08-16 05,click,page_7,259,mobile,192.168.0.2
182,936,2022-03-16 02,scroll,page_9,356,desktop,192.168.0.2
496,829,2022-06-19 02,click,page_8,290,mobile,192.168.0.2
89,297,2022-09-11 07,click,page_10,255,desktop,192.168.0.2
296,755,2022-12-23 22,scroll,page_7,365,desktop,192.168.0.2
140,24,2022-05-14 13,hover,page_1,171,mobile,192.168.0.2
336,409,2022-10-12 04,scroll,page_1,469,mobile,192.168.0.1
272,488,2022-04-01 21,scroll,page_6,387,desktop,192.168.0.2
234,61,2022-12-09 17,scroll,page_4,511,desktop,192.168.0.2
694,413,2022-09-01 15,hover,page_5,492,desktop,192.168.0.1
663,208,2022-02-10 07,hover,page_7,154,mobile,192.168.0.1
660,719,2022-07-08 21,scroll,page_6,142,mobile,192.168.0.1
221,238,2022-09-18 10,scroll,page_1,424,mobile,192.168.0.1
465,514,2022-09-05 18,hover,page_2,271,mobile,192.168.0.1
290,738,2022-08-02 00,click,page_1,266,mobile,192.168.0.1
628,448,2022-03-12 05,click,page_2,316,desktop,192.168.0.1
362,336,2022-01-03 07,hover,page_3,172,desktop,192.168.0.2
609,279,2022-12-12 20,click,page_4,506,mobile,192.168.0.2
884,259,2022-03-16 17,click,page_3,583,mobile,192.168.0.2
963,892,2022-04-05 00,hover,page_4,346,mobile,192.168.0.1
952,659,2022-11-08 11,hover,page_6,122,desktop,192.168.0.1
852,794,2022-06-24 13,scroll,page_3,298,desktop,192.168.0.2
96,938,2022-11-08 13,click,page_10,203,mobile,192.168.0.1
308,67,2022-03-07 08,hover,page_2,232,desktop,192.168.0.1
238,235,2022-02-04 14,scroll,page_6,597,desktop,192.168.0.2
650,78,2022-07-13 19,hover,page_10,494,desktop,192.168.0.2
987,500,2022-04-18 08,scroll,page_1,356,desktop,192.168.0.1
567,974,2022-07-20 17,click,page_8,162,mobile,192.168.0.2
177,467,2022-05-07 02,scroll,page_7,136,desktop,192.168.0.2
17,616,2022-08-06 03,scroll,page_10,473,mobile,192.168.0.2
451,927,2022-11-20 01,scroll,page_8,431,mobile,192.168.0.1
549,987,2022-03-11 17,click,page_6,371,mobile,192.168.0.1
695,866,2022-12-24 11,click,page_1,124,desktop,192.168.0.1
798,560,2022-10-26 13,hover,page_2,389,mobile,192.168.0.2
170,81,2022-08-11 09,click,page_10,593,desktop,192.168.0.1
379,847,2022-09-18 23,click,page_1,197,desktop,192.168.0.1
47,767,2022-11-12 01,click,page_1,137,desktop,192.168.0.1
551,220,2022-06-20 04,click,page_6,184,desktop,192.168.0.1
368,256,2022-07-06 07,scroll,page_6,246,desktop,192.168.0.1
73,394,2022-03-01 15,click,page_8,197,desktop,192.168.0.2
187,914,2022-11-12 15,hover,page_5,569,mobile,192.168.0.1
80,171,2022-11-15 05,hover,page_10,453,mobile,192.168.0.1
939,803,2022-01-06 12,click,page_5,392,mobile,192.168.0.2
809,633,2022-08-01 03,hover,page_5,532,mobile,192.168.0.2
428,268,2022-01-03 15,scroll,page_10,146,desktop,192.168.0.1
101,495,2022-02-14 12,click,page_6,274,mobile,192.168.0.1
107,741,2022-07-07 20,click,page_2,312,desktop,192.168.0.2
974,54,2022-11-17 16,hover,page_1,243,mobile,192.168.0.2
128,2,2022-12-09 13,hover,page_1,374,mobile,192.168.0.1
118,967,2022-02-21 08,scroll,page_4,209,desktop,192.168.0.2
521,24,2022-10-28 23,click,page_9,161,desktop,192.168.0.2
983,782,2022-01-12 21,hover,page_5,392,mobile,192.168.0.1
289,595,2022-05-09 12,hover,page_5,366,desktop,192.168.0.2
206,910,2022-02-13 11,scroll,page_3,587,mobile,192.168.0.2
841,132,2022-09-12 21,click,page_5,485,mobile,192.168.0.2
63,336,2022-03-22 16,scroll,page_3,469,desktop,192.168.0.2
680,987,2022-12-08 07,scroll,page_7,152,mobile,192.168.0.2
595,813,2022-12-08 04,click,page_2,374,desktop,192.168.0.2
670,432,2022-04-17 13,hover,page_10,333,mobile,192.168.0.2
241,828,2022-04-14 01,hover,page_2,291,desktop,192.168.0.1
487,323,2022-06-26 02,hover,page_1,421,desktop,192.168.0.2
893,324,2022-01-18 06,click,page_8,115,desktop,192.168.0.1
926,966,2022-09-26 17,hover,page_7,330,desktop,192.168.0.2
355,968,2022-01-21 10,scroll,page_2,133,desktop,192.168.0.1
262,268,2022-07-06 05,hover,page_1,176,desktop,192.168.0.1
142,968,2022-06-15 00,scroll,page_3,429,desktop,192.168.0.1
240,390,2022-06-05 06,hover,page_7,155,mobile,192.168.0.2
112,687,2022-08-25 19,hover,page_10,365,mobile,192.168.0.2
277,984,2022-02-08 22,scroll,page_5,472,desktop,192.168.0.1
243,413,2022-10-06 07,scroll,page_9,202,desktop,192.168.0.2
49,124,2022-01-25 10,hover,page_2,268,desktop,192.168.0.2
674,828,2022-08-20 11,scroll,page_6,457,mobile,192.168.0.1
69,27,2022-09-06 01,hover,page_4,195,mobile,192.168.0.2
929,266,2022-01-26 15,scroll,page_9,507,desktop,192.168.0.2
192,291,2022-09-14 12,click,page_3,575,mobile,192.168.0.2
703,215,2022-10-19 10,scroll,page_10,446,desktop,192.168.0.2
607,956,2022-08-25 10,scroll,page_3,268,desktop,192.168.0.2
882,983,2022-06-18 16,click,page_7,542,mobile,192.168.0.2
915,169,2022-01-09 07,click,page_6,312,desktop,192.168.0.2
37,217,2022-11-12 17,click,page_6,138,mobile,192.168.0.1
411,473,2022-09-20 18,scroll,page_7,483,desktop,192.168.0.2
93,457,2022-11-18 16,hover,page_3,130,desktop,192.168.0.1
885,901,2022-11-25 18,click,page_7,190,desktop,192.168.0.2
881,111,2022-06-27 07,click,page_10,281,mobile,192.168.0.1
107,257,2022-02-10 06,scroll,page_8,128,desktop,192.168.0.2
615,759,2022-06-27 15,click,page_9,508,desktop,192.168.0.2
921,777,2022-09-14 23,scroll,page_2,578,desktop,192.168.0.1
340,578,2022-12-04 10,scroll,page_10,121,desktop,192.168.0.1
889,182,2022-04-04 07,click,page_6,157,mobile,192.168.0.2
569,46,2022-05-24 00,click,page_7,386,desktop,192.168.0.2
902,335,2022-06-16 18,hover,page_10,389,mobile,192.168.0.1
2,46,2022-07-23 18,hover,page_4,533,desktop,192.168.0.2
408,195,2022-07-04 20,click,page_5,211,desktop,192.168.0.1
936,504,2022-11-17 23,click,page_9,466,desktop,192.168.0.2
485,499,2022-07-12 22,scroll,page_4,126,mobile,192.168.0.1
881,51,2022-10-20 04,hover,page_9,576,mobile,192.168.0.2
424,736,2022-03-27 19,hover,page_7,386,desktop,192.168.0.2
435,150,2022-08-28 00,scroll,page_9,113,mobile,192.168.0.2
651,642,2022-01-25 22,hover,page_3,450,desktop,192.168.0.2
241,561,2022-06-20 07,scroll,page_7,238,mobile,192.168.0.2
845,367,2022-05-14 13,scroll,page_9,553,desktop,192.168.0.1
761,495,2022-07-22 21,click,page_1,542,desktop,192.168.0.2
105,430,2022-06-21 05,scroll,page_1,388,desktop,192.168.0.1
851,514,2022-11-02 21,click,page_2,285,desktop,192.168.0.2
780,404,2022-06-21 20,hover,page_10,192,mobile,192.168.0.2
46,449,2022-02-08 10,hover,page_10,105,desktop,192.168.0.1
377,758,2022-12-02 09,click,page_10,276,mobile,192.168.0.2
623,959,2022-11-23 05,hover,page_1,241,desktop,192.168.0.2
665,755,2022-03-05 21,click,page_5,204,desktop,192.168.0.2
221,218,2022-11-18 23,hover,page_5,517,desktop,192.168.0.1
709,55,2022-01-09 03,hover,page_4,300,desktop,192.168.0.2
617,731,2022-09-28 14,scroll,page_4,314,mobile,192.168.0.2
290,822,2022-03-08 11,scroll,page_1,311,desktop,192.168.0.2
881,850,2022-05-09 07,click,page_2,266,mobile,192.168.0.1
19,467,2022-02-10 02,hover,page_8,545,mobile,192.168.0.1
199,250,2022-04-07 00,scroll,page_5,586,mobile,192.168.0.2
752,777,2022-10-19 22,hover,page_9,569,mobile,192.168.0.2
958,976,2022-03-13 19,scroll,page_9,241,mobile,192.168.0.1
733,631,2022-12-01 03,click,page_9,303,mobile,192.168.0.2
858,500,2022-03-25 06,click,page_8,454,mobile,192.168.0.1
496,862,2022-09-09 13,hover,page_4,421,desktop,192.168.0.2
518,473,2022-03-20 18,click,page_2,289,mobile,192.168.0.2
655,465,2022-01-07 05,hover,page_9,331,desktop,192.168.0.2
515,347,2022-07-28 23,scroll,page_3,410,desktop,192.168.0.2
214,69,2022-07-16 03,click,page_7,404,desktop,192.168.0.1
44,607,2022-04-13 08,click,page_6,299,desktop,192.168.0.2
659,583,2022-01-11 13,hover,page_2,116,mobile,192.168.0.1
334,967,2022-06-11 12,hover,page_6,337,mobile,192.168.0.2
466,352,2022-06-18 13,scroll,page_1,291,desktop,192.168.0.2
352,658,2022-10-01 20,hover,page_5,534,mobile,192.168.0.1
511,565,2022-04-06 16,scroll,page_8,256,mobile,192.168.0.2
716,58,2022-07-15 18,click,page_4,217,mobile,192.168.0.1
347,912,2022-12-13 19,hover,page_9,410,mobile,192.168.0.2
482,852,2022-01-13 07,click,page_7,254,mobile,192.168.0.2
655,765,2022-08-28 21,scroll,page_9,555,desktop,192.168.0.2
163,303,2022-03-10 14,scroll,page_3,395,desktop,192.168.0.1
628,923,2022-01-21 15,hover,page_3,587,desktop,192.168.0.2
442,576,2022-02-18 13,click,page_3,366,mobile,192.168.0.1
267,201,2022-08-04 03,hover,page_3,563,mobile,192.168.0.1
113,774,2022-06-18 21,hover,page_6,455,mobile,192.168.0.2
517,986,2022-10-15 22,hover,page_8,584,desktop,192.168.0.1
803,830,2022-06-03 08,click,page_3,551,mobile,192.168.0.1
7,358,2022-07-17 01,hover,page_2,445,mobile,192.168.0.1
166,365,2022-06-07 08,click,page_3,396,desktop,192.168.0.1
460,604,2022-07-04 19,hover,page_1,463,mobile,192.168.0.1
522,649,2022-10-27 08,click,page_5,204,desktop,192.168.0.1
948,754,2022-06-25 08,hover,page_2,455,mobile,192.168.0.1
117,373,2022-06-07 06,hover,page_7,209,mobile,192.168.0.1
77,21,2022-12-13 05,click,page_10,257,mobile,192.168.0.1
616,565,2022-06-08 12,click,page_8,144,mobile,192.168.0.1
60,617,2022-08-16 19,hover,page_3,378,desktop,192.168.0.2
662,6,2022-06-09 07,scroll,page_3,556,mobile,192.168.0.1
934,101,2022-05-18 01,scroll,page_1,597,desktop,192.168.0.1
622,990,2022-03-07 23,click,page_8,561,mobile,192.168.0.1
902,287,2022-04-17 10,click,page_5,257,desktop,192.168.0.2
785,403,2022-12-10 19,hover,page_2,383,desktop,192.168.0.2
126,769,2022-12-08 01,hover,page_2,421,mobile,192.168.0.1
640,885,2022-04-06 12,scroll,page_6,472,desktop,192.168.0.2
93,14,2022-03-14 18,click,page_8,237,desktop,192.168.0.1
554,83,2022-06-05 07,hover,page_2,424,mobile,192.168.0.1
883,851,2022-05-27 01,scroll,page_5,115,mobile,192.168.0.2
796,713,2022-07-25 22,hover,page_4,244,desktop,192.168.0.2
710,641,2022-05-14 23,hover,page_2,463,desktop,192.168.0.2
686,316,2022-02-09 19,scroll,page_4,325,desktop,192.168.0.2
867,940,2022-01-01 19,scroll,page_4,332,desktop,192.168.0.1
534,855,2022-04-06 17,click,page_1,406,mobile,192.168.0.1
588,259,2022-11-05 16,click,page_8,262,desktop,192.168.0.1
477,794,2022-05-12 18,click,page_4,269,mobile,192.168.0.2
812,709,2022-02-13 07,hover,page_6,272,mobile,192.168.0.2
97,395,2022-01-21 18,scroll,page_3,331,mobile,192.168.0.2
479,246,2022-05-27 12,click,page_8,449,desktop,192.168.0.2
539,28,2022-04-17 02,hover,page_1,305,mobile,192.168.0.2
930,207,2022-01-08 16,scroll,page_4,160,desktop,192.168.0.1
118,361,2022-09-10 00,click,page_3,412,desktop,192.168.0.1
562,330,2022-03-26 00,click,page_7,489,mobile,192.168.0.1
690,111,2022-02-15 11,click,page_1,296,desktop,192.168.0.2
487,78,2022-10-17 11,scroll,page_10,287,mobile,192.168.0.2
745,596,2022-10-22 22,click,page_1,498,mobile,192.168.0.1
858,829,2022-12-11 02,scroll,page_3,255,mobile,192.168.0.1
731,83,2022-02-14 19,scroll,page_10,479,desktop,192.168.0.1
782,560,2022-07-17 16,hover,page_1,202,desktop,192.168.0.1
600,936,2022-07-25 11,click,page_7,110,mobile,192.168.0.1
706,577,2022-11-06 15,hover,page_3,471,desktop,192.168.0.2
649,984,2022-12-24 13,hover,page_2,428,desktop,192.168.0.2
172,499,2022-03-01 17,click,page_8,558,mobile,192.168.0.1
448,202,2022-06-04 08,scroll,page_4,564,desktop,192.168.0.2
385,792,2022-07-12 04,click,page_5,261,mobile,192.168.0.2
139,485,2022-08-08 01,hover,page_7,596,mobile,192.168.0.1
504,920,2022-06-17 12,hover,page_2,504,desktop,192.168.0.2
945,815,2022-02-10 11,click,page_7,119,mobile,192.168.0.1
196,690,2022-10-05 22,scroll,page_6,336,mobile,192.168.0.1
557,995,2022-11-01 11,hover,page_6,581,desktop,192.168.0.1
673,336,2022-01-11 03,hover,page_10,558,desktop,192.168.0.1
229,3,2022-10-06 01,click,page_4,452,mobile,192.168.0.2
138,602,2022-02-08 18,hover,page_6,142,desktop,192.168.0.2
655,672,2022-10-14 03,hover,page_8,528,mobile,192.168.0.2
702,256,2022-02-27 12,hover,page_1,310,mobile,192.168.0.2
151,115,2022-01-11 15,scroll,page_7,390,desktop,192.168.0.1
501,916,2022-04-25 16,click,page_6,529,mobile,192.168.0.2
739,622,2022-05-17 01,click,page_5,339,mobile,192.168.0.1
181,558,2022-07-05 06,scroll,page_9,321,mobile,192.168.0.2
373,154,2022-04-28 14,hover,page_3,498,mobile,192.168.0.1
897,286,2022-11-24 21,scroll,page_4,342,mobile,192.168.0.2
744,316,2022-09-07 17,click,page_4,569,mobile,192.168.0.2
264,648,2022-07-23 04,scroll,page_7,573,desktop,192.168.0.2
601,404,2022-03-09 21,hover,page_9,580,desktop,192.168.0.2
801,730,2022-11-04 07,click,page_5,544,mobile,192.168.0.2
3,81,2022-03-22 06,click,page_10,140,mobile,192.168.0.1
575,563,2022-01-02 14,hover,page_1,312,mobile,192.168.0.2
556,256,2022-01-12 01,click,page_9,351,desktop,192.168.0.1
542,232,2022-05-04 19,hover,page_10,478,desktop,192.168.0.2
294,773,2022-10-22 04,click,page_4,396,desktop,192.168.0.2
572,547,2022-06-28 23,click,page_4,319,mobile,192.168.0.2
427,876,2022-06-19 08,scroll,page_10,146,mobile,192.168.0.1
764,230,2022-08-24 19,scroll,page_7,164,mobile,192.168.0.2
556,606,2022-10-18 06,scroll,page_10,200,desktop,192.168.0.2
291,366,2022-09-07 03,hover,page_4,326,mobile,192.168.0.1
995,108,2022-10-24 21,hover,page_5,462,mobile,192.168.0.1
425,108,2022-12-26 02,click,page_4,527,mobile,192.168.0.2
601,763,2022-03-10 04,scroll,page_10,580,desktop,192.168.0.1
899,457,2022-07-03 09,scroll,page_8,524,mobile,192.168.0.2
739,238,2022-01-21 19,click,page_1,118,mobile,192.168.0.1
155,549,2022-03-03 05,click,page_8,395,desktop,192.168.0.1
770,907,2022-02-24 08,hover,page_4,358,mobile,192.168.0.2
401,945,2022-01-15 16,click,page_10,355,desktop,192.168.0.2
129,931,2022-09-10 21,hover,page_4,466,desktop,192.168.0.2
525,305,2022-11-25 12,click,page_1,461,mobile,192.168.0.1
535,776,2022-12-04 23,scroll,page_3,181,desktop,192.168.0.1
974,328,2022-01-03 11,click,page_9,537,desktop,192.168.0.1
692,182,2022-05-11 07,hover,page_4,505,mobile,192.168.0.2
359,379,2022-06-08 06,click,page_10,150,mobile,192.168.0.1
491,961,2022-06-28 16,click,page_9,377,mobile,192.168.0.1
508,2,2022-04-08 07,click,page_9,113,desktop,192.168.0.1
432,387,2022-02-02 20,click,page_8,379,mobile,192.168.0.2
671,334,2022-08-07 07,hover,page_1,561,mobile,192.168.0.1
419,461,2022-07-19 01,hover,page_6,106,desktop,192.168.0.1
866,829,2022-11-05 11,click,page_2,466,desktop,192.168.0.2
555,985,2022-03-26 22,scroll,page_2,152,mobile,192.168.0.2
930,190,2022-12-27 13,click,page_4,338,mobile,192.168.0.1
803,747,2022-06-08 14,click,page_6,143,desktop,192.168.0.2
670,342,2022-10-22 21,click,page_10,125,desktop,192.168.0.1
359,540,2022-06-11 23,scroll,page_3,445,desktop,192.168.0.1
583,873,2022-10-26 23,click,page_3,212,desktop,192.168.0.1
476,688,2022-02-14 19,hover,page_3,184,desktop,192.168.0.2
118,626,2022-04-03 06,click,page_10,329,mobile,192.168.0.2
559,442,2022-04-28 15,hover,page_4,106,desktop,192.168.0.2
913,151,2022-02-06 17,click,page_7,514,desktop,192.168.0.1
588,543,2022-01-28 21,hover,page_5,356,mobile,192.168.0.1
533,873,2022-03-06 16,hover,page_1,155,desktop,192.168.0.2
696,421,2022-02-09 08,click,page_7,517,desktop,192.168.0.1
572,75,2022-12-20 22,scroll,page_5,135,mobile,192.168.0.2
867,310,2022-08-18 14,click,page_8,507,desktop,192.168.0.2
184,794,2022-06-09 10,hover,page_1,495,mobile,192.168.0.1
953,553,2022-08-15 00,scroll,page_4,230,mobile,192.168.0.1
953,136,2022-04-22 04,hover,page_7,342,mobile,192.168.0.2
669,782,2022-12-08 15,scroll,page_5,268,mobile,192.168.0.1
50,760,2022-09-16 17,hover,page_1,482,desktop,192.168.0.1
820,521,2022-06-04 14,scroll,page_8,581,mobile,192.168.0.2
10,473,2022-02-13 23,click,page_8,414,desktop,192.168.0.2
621,809,2022-04-20 13,scroll,page_6,327,mobile,192.168.0.1
33,389,2022-02-23 00,scroll,page_9,283,mobile,192.168.0.2
659,252,2022-11-14 01,hover,page_7,174,desktop,192.168.0.1
981,176,2022-11-24 15,scroll,page_3,126,desktop,192.168.0.2
922,217,2022-04-13 05,scroll,page_6,517,desktop,192.168.0.2
343,160,2022-08-01 13,hover,page_1,421,mobile,192.168.0.1
453,747,2022-03-09 09,hover,page_8,538,desktop,192.168.0.1
14,797,2022-11-28 11,hover,page_6,305,mobile,192.168.0.1
560,712,2022-06-21 15,click,page_6,241,desktop,192.168.0.1
331,372,2022-01-11 01,hover,page_1,225,mobile,192.168.0.1
293,954,2022-10-21 11,hover,page_5,464,desktop,192.168.0.2
364,127,2022-05-19 06,click,page_9,292,mobile,192.168.0.2
661,583,2022-07-03 14,scroll,page_5,143,desktop,192.168.0.2
728,962,2022-08-05 13,scroll,page_5,210,mobile,192.168.0.2
266,596,2022-04-28 12,scroll,page_1,396,desktop,192.168.0.1
682,876,2022-04-10 03,scroll,page_8,480,mobile,192.168.0.2
226,337,2022-04-04 21,click,page_8,555,desktop,192.168.0.1
368,92,2022-05-19 01,scroll,page_3,486,desktop,192.168.0.1
697,86,2022-12-22 23,click,page_10,287,mobile,192.168.0.1
215,842,2022-08-22 15,hover,page_4,406,mobile,192.168.0.2
464,879,2022-10-16 07,hover,page_2,437,desktop,192.168.0.2
21,896,2022-11-09 02,click,page_2,195,mobile,192.168.0.2
795,972,2022-03-02 16,click,page_7,264,mobile,192.168.0.1
101,448,2022-02-08 21,click,page_5,114,desktop,192.168.0.1
500,411,2022-01-06 22,scroll,page_2,339,desktop,192.168.0.1
699,950,2022-09-26 06,hover,page_6,420,desktop,192.168.0.2
344,359,2022-06-23 04,scroll,page_9,500,mobile,192.168.0.1
832,560,2022-08-12 17,click,page_8,246,desktop,192.168.0.2
238,196,2022-12-09 21,hover,page_8,463,mobile,192.168.0.2
298,797,2022-02-04 08,click,page_3,241,desktop,192.168.0.2
925,628,2022-03-12 07,scroll,page_3,294,desktop,192.168.0.1
634,564,2022-08-03 12,scroll,page_6,535,desktop,192.168.0.1
382,826,2022-11-10 08,hover,page_6,349,mobile,192.168.0.2
410,190,2022-03-05 08,hover,page_5,574,mobile,192.168.0.1
788,564,2022-01-14 17,hover,page_9,394,mobile,192.168.0.2
541,701,2022-08-08 17,scroll,page_1,261,desktop,192.168.0.1
396,595,2022-05-11 23,click,page_6,266,desktop,192.168.0.2
945,101,2022-05-22 07,scroll,page_5,155,desktop,192.168.0.2
900,448,2022-12-19 01,scroll,page_7,266,mobile,192.168.0.1
823,218,2022-07-19 18,hover,page_1,203,mobile,192.168.0.2
224,321,2022-06-18 22,scroll,page_7,262,mobile,192.168.0.1
311,322,2022-01-23 22,scroll,page_7,239,desktop,192.168.0.2
927,723,2022-02-26 17,hover,page_8,238,mobile,192.168.0.2
132,483,2022-05-02 04,scroll,page_8,373,desktop,192.168.0.1
620,65,2022-12-05 21,hover,page_1,193,mobile,192.168.0.2
81,534,2022-02-09 12,click,page_3,500,desktop,192.168.0.2
204,66,2022-02-27 03,hover,page_9,198,desktop,192.168.0.1
301,892,2022-01-27 19,scroll,page_4,112,mobile,192.168.0.1
537,509,2022-01-09 09,hover,page_6,111,mobile,192.168.0.1
868,731,2022-03-08 07,click,page_6,392,mobile,192.168.0.1
669,414,2022-03-02 11,hover,page_2,181,desktop,192.168.0.2
955,799,2022-09-03 07,click,page_5,215,desktop,192.168.0.1
110,296,2022-03-27 02,scroll,page_1,415,desktop,192.168.0.2
360,905,2022-01-18 17,click,page_10,115,desktop,192.168.0.2
955,802,2022-10-19 15,click,page_7,182,desktop,192.168.0.2
867,956,2022-09-06 01,hover,page_3,588,desktop,192.168.0.1
612,498,2022-05-06 09,hover,page_6,341,desktop,192.168.0.1
257,362,2022-08-08 08,click,page_9,415,desktop,192.168.0.2
451,929,2022-08-25 01,hover,page_3,123,mobile,192.168.0.1
44,632,2022-02-12 03,click,page_8,478,desktop,192.168.0.1
228,740,2022-02-13 10,click,page_7,287,mobile,192.168.0.2
542,509,2022-08-23 06,click,page_9,132,mobile,192.168.0.2
822,100,2022-11-26 03,scroll,page_10,271,desktop,192.168.0.2
12,923,2022-05-16 19,click,page_6,203,desktop,192.168.0.1
527,718,2022-04-10 22,click,page_2,169,mobile,192.168.0.1
22,738,2022-09-23 18,hover,page_7,152,desktop,192.168.0.1
58,195,2022-04-08 14,scroll,page_7,347,desktop,192.168.0.2
170,147,2022-04-17 16,click,page_10,508,mobile,192.168.0.2
247,52,2022-09-19 12,click,page_4,198,desktop,192.168.0.2
375,705,2022-04-01 03,click,page_5,244,desktop,192.168.0.1
578,906,2022-09-01 08,hover,page_6,486,mobile,192.168.0.1
998,315,2022-11-18 09,hover,page_8,490,mobile,192.168.0.1
800,84,2022-01-12 07,click,page_9,581,mobile,192.168.0.1
825,491,2022-08-05 16,scroll,page_4,295,mobile,192.168.0.1
869,279,2022-04-25 11,hover,page_9,294,desktop,192.168.0.2
559,73,2022-12-18 02,hover,page_6,449,desktop,192.168.0.1
12,500,2022-12-27 07,scroll,page_7,241,desktop,192.168.0.2
967,834,2022-08-06 22,scroll,page_10,413,desktop,192.168.0.1
468,314,2022-12-07 13,click,page_4,570,desktop,192.168.0.2
851,447,2022-08-02 21,click,page_3,376,desktop,192.168.0.2
477,993,2022-04-17 08,click,page_3,170,desktop,192.168.0.1
632,326,2022-06-18 23,scroll,page_8,386,mobile,192.168.0.1
601,176,2022-03-04 13,hover,page_8,492,mobile,192.168.0.2
925,677,2022-05-10 00,scroll,page_2,534,desktop,192.168.0.1
422,961,2022-03-03 19,scroll,page_7,322,mobile,192.168.0.2
388,936,2022-11-11 23,click,page_4,339,desktop,192.168.0.1
725,798,2022-05-01 02,hover,page_7,458,desktop,192.168.0.2
75,257,2022-01-27 23,click,page_9,243,mobile,192.168.0.1
463,282,2022-11-16 22,scroll,page_6,249,desktop,192.168.0.1
909,229,2022-04-06 22,scroll,page_6,253,desktop,192.168.0.1
559,506,2022-04-05 18,click,page_6,184,desktop,192.168.0.2
287,176,2022-12-01 00,click,page_5,528,mobile,192.168.0.2
846,593,2022-03-20 22,scroll,page_9,331,desktop,192.168.0.2
750,106,2022-03-02 00,click,page_10,343,desktop,192.168.0.1
251,871,2022-12-19 12,hover,page_8,239,mobile,192.168.0.2
21,618,2022-10-15 07,scroll,page_4,387,desktop,192.168.0.2
771,938,2022-03-11 20,click,page_5,467,desktop,192.168.0.1
660,355,2022-03-23 00,hover,page_2,117,desktop,192.168.0.1
251,403,2022-03-15 08,click,page_10,529,mobile,192.168.0.2
147,961,2022-12-23 20,hover,page_7,424,mobile,192.168.0.2
196,804,2022-06-16 01,hover,page_6,565,mobile,192.168.0.2
642,698,2022-08-04 13,scroll,page_7,204,mobile,192.168.0.2
198,978,2022-05-26 23,scroll,page_10,545,desktop,192.168.0.2
601,11,2022-03-08 23,hover,page_10,459,mobile,192.168.0.2
683,509,2022-11-22 07,click,page_4,185,desktop,192.168.0.1
499,137,2022-11-22 22,scroll,page_2,155,mobile,192.168.0.1
972,379,2022-09-11 04,scroll,page_8,389,desktop,192.168.0.1
540,793,2022-12-02 10,click,page_5,103,desktop,192.168.0.1
99,67,2022-04-14 00,scroll,page_5,485,mobile,192.168.0.2
952,509,2022-03-07 15,scroll,page_1,198,desktop,192.168.0.2
874,191,2022-02-11 11,hover,page_1,369,mobile,192.168.0.1
170,140,2022-03-26 05,click,page_8,516,desktop,192.168.0.1
62,818,2022-08-20 04,hover,page_10,227,mobile,192.168.0.2
342,400,2022-10-05 18,hover,page_4,239,desktop,192.168.0.2
733,212,2022-04-15 19,click,page_1,446,mobile,192.168.0.2
636,952,2022-08-04 15,click,page_2,390,mobile,192.168.0.2
515,348,2022-09-19 08,click,page_8,509,mobile,192.168.0.1
961,77,2022-01-06 15,scroll,page_4,140,desktop,192.168.0.2
398,389,2022-10-22 16,hover,page_8,540,mobile,192.168.0.1
791,869,2022-07-12 11,scroll,page_8,448,mobile,192.168.0.1
263,74,2022-08-13 15,click,page_7,427,desktop,192.168.0.1
996,788,2022-07-02 03,hover,page_4,254,desktop,192.168.0.2
274,16,2022-01-22 08,scroll,page_8,142,desktop,192.168.0.1
282,458,2022-06-14 11,scroll,page_4,373,mobile,192.168.0.1
447,655,2022-09-25 20,hover,page_9,199,desktop,192.168.0.2
226,492,2022-02-10 22,click,page_2,344,desktop,192.168.0.1
784,622,2022-01-01 13,click,page_7,594,mobile,192.168.0.2
17,931,2022-01-04 10,hover,page_2,131,desktop,192.168.0.1
445,392,2022-03-27 08,scroll,page_10,308,mobile,192.168.0.1
778,753,2022-03-03 06,click,page_9,212,desktop,192.168.0.2
68,591,2022-05-18 20,click,page_7,286,mobile,192.168.0.1
687,794,2022-08-03 13,hover,page_8,457,desktop,192.168.0.1
747,365,2022-09-20 04,click,page_10,578,mobile,192.168.0.2
11,653,2022-09-10 22,click,page_1,352,mobile,192.168.0.2
240,710,2022-02-15 15,hover,page_8,445,desktop,192.168.0.2
886,391,2022-06-18 13,hover,page_10,527,mobile,192.168.0.2
745,758,2022-03-10 17,click,page_3,126,mobile,192.168.0.2
862,838,2022-09-17 19,scroll,page_5,191,mobile,192.168.0.2
682,152,2022-07-25 18,scroll,page_7,492,desktop,192.168.0.1
522,678,2022-05-15 20,click,page_4,195,mobile,192.168.0.2
614,985,2022-02-07 14,scroll,page_8,181,desktop,192.168.0.2
364,665,2022-11-02 11,scroll,page_3,390,desktop,192.168.0.1
220,855,2022-07-26 22,click,page_5,430,desktop,192.168.0.1
96,515,2022-01-15 19,hover,page_1,525,desktop,192.168.0.1
937,854,2022-07-09 22,hover,page_4,532,desktop,192.168.0.2
433,857,2022-01-08 00,hover,page_2,239,mobile,192.168.0.2
559,316,2022-11-22 00,hover,page_3,364,mobile,192.168.0.1
310,124,2022-02-05 10,click,page_6,575,desktop,192.168.0.1
133,996,2022-03-21 05,hover,page_9,241,mobile,192.168.0.2
819,148,2022-01-07 06,scroll,page_6,274,mobile,192.168.0.1
556,885,2022-08-06 17,scroll,page_3,506,mobile,192.168.0.2
465,762,2022-12-03 01,hover,page_4,151,mobile,192.168.0.1
379,58,2022-04-28 08,click,page_6,577,mobile,192.168.0.2
394,390,2022-09-27 05,hover,page_4,157,desktop,192.168.0.2
350,519,2022-10-27 17,click,page_9,137,mobile,192.168.0.1
619,393,2022-03-20 15,hover,page_1,354,mobile,192.168.0.1
963,527,2022-07-26 16,scroll,page_10,270,mobile,192.168.0.2
913,585,2022-07-03 11,click,page_10,560,mobile,192.168.0.1
538,668,2022-09-07 02,hover,page_6,101,mobile,192.168.0.2
280,902,2022-05-27 22,hover,page_7,367,mobile,192.168.0.1
305,614,2022-11-01 23,scroll,page_3,267,desktop,192.168.0.2
28,400,2022-09-15 09,click,page_8,454,desktop,192.168.0.1
412,338,2022-08-17 06,scroll,page_8,384,mobile,192.168.0.2
451,301,2022-09-21 06,hover,page_6,102,desktop,192.168.0.2
449,86,2022-05-18 14,scroll,page_5,344,desktop,192.168.0.1
297,889,2022-05-27 22,scroll,page_8,362,mobile,192.168.0.2
15,187,2022-06-04 01,click,page_4,427,desktop,192.168.0.1
314,652,2022-12-21 00,click,page_3,341,desktop,192.168.0.1
914,135,2022-06-07 11,hover,page_8,399,mobile,192.168.0.1
294,438,2022-05-22 07,scroll,page_9,578,mobile,192.168.0.1
140,896,2022-11-02 17,hover,page_2,278,desktop,192.168.0.1
449,15,2022-04-03 02,hover,page_5,223,desktop,192.168.0.1
583,407,2022-06-22 03,hover,page_6,593,desktop,192.168.0.2
953,100,2022-02-14 02,hover,page_10,122,mobile,192.168.0.2
852,822,2022-05-23 17,click,page_9,430,mobile,192.168.0.2
76,707,2022-04-06 04,hover,page_7,194,mobile,192.168.0.1
865,135,2022-09-08 16,hover,page_10,283,mobile,192.168.0.2
366,926,2022-07-18 14,scroll,page_3,109,mobile,192.168.0.1
580,75,2022-02-20 01,click,page_4,310,desktop,192.168.0.1
1000,748,2022-07-10 17,click,page_10,401,desktop,192.168.0.2
551,523,2022-11-23 12,hover,page_7,152,mobile,192.168.0.1
757,97,2022-05-24 01,click,page_7,538,mobile,192.168.0.1
903,829,2022-11-20 07,scroll,page_4,298,desktop,192.168.0.1
43,608,2022-04-02 03,scroll,page_7,503,desktop,192.168.0.1
383,165,2022-06-18 19,scroll,page_6,200,mobile,192.168.0.1
60,707,2022-10-09 10,scroll,page_4,429,mobile,192.168.0.1
743,417,2022-03-16 11,hover,page_1,541,mobile,192.168.0.1
376,218,2022-12-09 15,hover,page_10,238,mobile,192.168.0.2
987,63,2022-12-23 03,hover,page_3,398,desktop,192.168.0.2
335,779,2022-09-07 19,scroll,page_4,424,mobile,192.168.0.1
998,195,2022-01-06 05,click,page_8,159,mobile,192.168.0.2
113,662,2022-10-03 22,click,page_4,190,mobile,192.168.0.1
963,70,2022-11-24 01,scroll,page_9,479,desktop,192.168.0.2
319,895,2022-02-02 15,hover,page_10,367,mobile,192.168.0.1
658,239,2022-09-23 17,scroll,page_5,400,desktop,192.168.0.2
853,671,2022-11-03 03,hover,page_7,500,desktop,192.168.0.2
65,614,2022-04-14 18,hover,page_2,120,mobile,192.168.0.2
301,288,2022-12-05 17,click,page_2,521,desktop,192.168.0.2
106,371,2022-01-13 18,scroll,page_6,458,desktop,192.168.0.2
197,921,2022-06-17 15,click,page_7,586,desktop,192.168.0.1
450,113,2022-11-01 20,hover,page_7,437,desktop,192.168.0.1
150,365,2022-02-14 03,click,page_3,335,mobile,192.168.0.2
288,100,2022-08-23 00,scroll,page_5,127,mobile,192.168.0.1
306,832,2022-01-17 23,hover,page_6,362,mobile,192.168.0.2
752,259,2022-12-18 23,click,page_1,439,desktop,192.168.0.1
3,217,2022-07-21 22,scroll,page_9,471,desktop,192.168.0.1
571,6,2022-10-02 18,scroll,page_8,566,desktop,192.168.0.1
36,352,2022-02-23 22,click,page_4,266,desktop,192.168.0.2
450,705,2022-03-08 03,hover,page_2,266,desktop,192.168.0.2
581,942,2022-12-09 11,hover,page_7,177,mobile,192.168.0.2
989,271,2022-01-14 12,click,page_4,442,mobile,192.168.0.1
376,241,2022-03-20 02,hover,page_1,179,desktop,192.168.0.2
25,263,2022-11-10 17,hover,page_7,254,desktop,192.168.0.2
277,719,2022-03-28 16,hover,page_6,586,desktop,192.168.0.1
263,255,2022-03-03 23,click,page_9,422,desktop,192.168.0.1
150,345,2022-03-17 14,click,page_8,506,mobile,192.168.0.2
264,430,2022-10-22 06,hover,page_1,552,mobile,192.168.0.1
128,598,2022-08-24 20,click,page_2,504,desktop,192.168.0.1
792,979,2022-02-25 12,click,page_3,461,desktop,192.168.0.2
197,780,2022-11-05 23,hover,page_10,176,desktop,192.168.0.1
742,2,2022-01-27 22,click,page_9,125,mobile,192.168.0.2
192,513,2022-07-23 22,hover,page_8,455,mobile,192.168.0.2
949,209,2022-05-12 20,scroll,page_4,226,desktop,192.168.0.1
494,239,2022-11-06 04,hover,page_5,337,desktop,192.168.0.2
829,459,2022-04-25 10,click,page_2,450,mobile,192.168.0.2
84,989,2022-06-09 15,hover,page_10,339,desktop,192.168.0.2
660,210,2022-01-17 02,click,page_6,450,mobile,192.168.0.1
152,682,2022-01-21 04,click,page_10,491,mobile,192.168.0.1
970,97,2022-12-17 23,hover,page_6,126,desktop,192.168.0.2
454,397,2022-02-21 13,hover,page_4,549,desktop,192.168.0.1
874,436,2022-05-06 03,scroll,page_7,399,mobile,192.168.0.2
987,197,2022-02-20 00,scroll,page_7,332,mobile,192.168.0.1
450,385,2022-12-08 03,scroll,page_3,146,desktop,192.168.0.1
178,412,2022-06-07 01,hover,page_7,508,mobile,192.168.0.2
99,442,2022-05-17 22,scroll,page_2,204,mobile,192.168.0.2
559,237,2022-05-24 21,hover,page_7,295,mobile,192.168.0.1
282,683,2022-10-13 07,scroll,page_1,354,desktop,192.168.0.2
609,589,2022-01-23 16,click,page_7,256,mobile,192.168.0.1
767,201,2022-01-17 10,scroll,page_7,182,desktop,192.168.0.1
765,297,2022-08-13 22,click,page_3,275,mobile,192.168.0.1
587,922,2022-04-10 20,scroll,page_1,209,mobile,192.168.0.2
840,478,2022-02-01 23,scroll,page_6,225,desktop,192.168.0.2
802,989,2022-04-08 19,scroll,page_3,405,desktop,192.168.0.2
561,540,2022-05-19 05,click,page_4,380,mobile,192.168.0.2
611,895,2022-08-09 10,hover,page_7,384,mobile,192.168.0.1
468,232,2022-11-22 17,hover,page_2,542,desktop,192.168.0.2
381,904,2022-06-18 10,scroll,page_1,261,desktop,192.168.0.2
232,996,2022-11-16 22,click,page_6,152,mobile,192.168.0.1
547,230,2022-05-08 00,click,page_2,552,mobile,192.168.0.1
452,146,2022-05-20 22,click,page_8,459,mobile,192.168.0.1
236,793,2022-05-21 05,click,page_9,147,mobile,192.168.0.1
780,47,2022-12-07 16,hover,page_6,421,desktop,192.168.0.2
206,805,2022-07-06 03,hover,page_9,407,desktop,192.168.0.1
44,800,2022-10-23 09,scroll,page_5,298,desktop,192.168.0.1
565,880,2022-11-10 01,scroll,page_2,163,mobile,192.168.0.2
575,351,2022-10-08 08,scroll,page_1,190,desktop,192.168.0.1
567,944,2022-10-14 04,hover,page_1,380,desktop,192.168.0.2
851,548,2022-01-02 14,click,page_6,189,mobile,192.168.0.1
705,673,2022-12-18 08,hover,page_1,160,desktop,192.168.0.1
646,591,2022-01-11 01,scroll,page_4,399,desktop,192.168.0.2
515,401,2022-02-11 02,hover,page_8,509,mobile,192.168.0.1
613,633,2022-01-11 08,scroll,page_4,446,desktop,192.168.0.2
518,134,2022-12-16 14,click,page_10,240,mobile,192.168.0.1
314,360,2022-12-17 23,scroll,page_8,478,mobile,192.168.0.1
997,149,2022-12-13 11,scroll,page_4,279,mobile,192.168.0.1
147,578,2022-01-11 12,hover,page_2,445,mobile,192.168.0.2
719,695,2022-02-14 08,scroll,page_6,586,desktop,192.168.0.1
997,102,2022-04-23 23,click,page_4,253,desktop,192.168.0.1
123,663,2022-05-18 20,scroll,page_1,230,mobile,192.168.0.1
112,831,2022-07-10 22,scroll,page_9,113,desktop,192.168.0.1
950,539,2022-10-20 05,hover,page_5,466,desktop,192.168.0.2
839,424,2022-02-19 09,click,page_9,457,mobile,192.168.0.1
193,104,2022-02-03 01,hover,page_7,289,mobile,192.168.0.1
183,858,2022-12-28 20,click,page_10,230,mobile,192.168.0.2
844,717,2022-07-03 08,scroll,page_9,321,desktop,192.168.0.2
461,994,2022-11-24 13,scroll,page_4,568,desktop,192.168.0.2
76,717,2022-10-20 14,hover,page_1,452,desktop,192.168.0.1
664,926,2022-11-23 00,scroll,page_1,493,desktop,192.168.0.1
402,559,2022-09-17 19,hover,page_10,118,mobile,192.168.0.1
299,934,2022-08-13 10,hover,page_6,421,mobile,192.168.0.1
716,744,2022-06-20 07,scroll,page_8,397,desktop,192.168.0.2
958,199,2022-12-28 03,scroll,page_4,165,mobile,192.168.0.2
368,67,2022-06-09 00,scroll,page_1,446,desktop,192.168.0.2
618,96,2022-07-14 07,click,page_8,518,desktop,192.168.0.1
501,118,2022-02-28 16,hover,page_6,117,mobile,192.168.0.2
101,700,2022-10-05 16,hover,page_3,357,desktop,192.168.0.1
171,796,2022-09-16 20,scroll,page_1,334,mobile,192.168.0.2
124,338,2022-08-07 09,click,page_4,364,mobile,192.168.0.2
990,266,2022-05-10 22,scroll,page_4,283,mobile,192.168.0.1
863,901,2022-12-11 04,scroll,page_9,414,mobile,192.168.0.1
508,960,2022-10-05 22,scroll,page_7,141,desktop,192.168.0.1
886,797,2022-09-17 14,hover,page_1,135,desktop,192.168.0.2
626,387,2022-12-21 00,scroll,page_1,460,desktop,192.168.0.2
873,386,2022-04-19 10,hover,page_3,346,desktop,192.168.0.2
490,867,2022-01-26 06,scroll,page_1,497,desktop,192.168.0.2
962,548,2022-11-18 23,scroll,page_1,201,desktop,192.168.0.2
860,100,2022-06-05 16,click,page_7,360,desktop,192.168.0.2
650,319,2022-10-08 13,scroll,page_8,137,mobile,192.168.0.2
567,872,2022-11-10 08,scroll,page_5,528,desktop,192.168.0.1
981,474,2022-07-15 02,hover,page_7,209,mobile,192.168.0.2
443,541,2022-08-26 16,hover,page_2,242,mobile,192.168.0.2
773,622,2022-10-04 00,click,page_8,593,mobile,192.168.0.2
944,776,2022-01-11 12,hover,page_4,244,mobile,192.168.0.2
910,683,2022-08-14 03,click,page_6,560,desktop,192.168.0.2
904,751,2022-09-26 17,hover,page_5,490,mobile,192.168.0.1
63,996,2022-02-11 00,click,page_9,583,desktop,192.168.0.2
847,370,2022-10-18 00,scroll,page_7,420,desktop,192.168.0.2
909,650,2022-10-07 15,scroll,page_3,476,mobile,192.168.0.2
875,354,2022-03-08 12,hover,page_6,561,desktop,192.168.0.1
548,43,2022-11-23 13,hover,page_2,449,desktop,192.168.0.1
515,919,2022-04-15 22,click,page_9,235,desktop,192.168.0.2
598,325,2022-01-01 09,hover,page_8,323,mobile,192.168.0.2
909,210,2022-03-09 18,click,page_8,337,mobile,192.168.0.2
867,230,2022-10-04 22,scroll,page_7,380,desktop,192.168.0.2
945,172,2022-12-17 11,click,page_2,383,desktop,192.168.0.2
996,59,2022-12-22 03,hover,page_3,400,mobile,192.168.0.2
686,986,2022-08-13 16,hover,page_1,376,mobile,192.168.0.2
349,438,2022-08-11 17,scroll,page_10,394,desktop,192.168.0.2
187,804,2022-03-25 01,hover,page_4,584,mobile,192.168.0.1
785,220,2022-11-12 00,scroll,page_10,319,mobile,192.168.0.1
507,749,2022-01-14 05,scroll,page_1,179,mobile,192.168.0.2
754,110,2022-02-08 06,click,page_7,594,mobile,192.168.0.1
984,725,2022-01-05 15,scroll,page_1,496,desktop,192.168.0.2
938,962,2022-10-25 01,hover,page_8,594,desktop,192.168.0.1
876,153,2022-04-04 06,hover,page_10,467,mobile,192.168.0.2
336,990,2022-01-18 10,click,page_7,334,mobile,192.168.0.1
917,254,2022-12-10 23,hover,page_6,594,mobile,192.168.0.1
305,953,2022-01-05 01,scroll,page_3,329,mobile,192.168.0.2
543,489,2022-09-16 17,hover,page_9,260,mobile,192.168.0.2
517,639,2022-01-10 02,click,page_3,566,desktop,192.168.0.2
189,601,2022-11-27 16,hover,page_10,328,desktop,192.168.0.1
429,287,2022-12-27 04,hover,page_3,487,desktop,192.168.0.1
994,932,2022-08-23 12,click,page_4,494,mobile,192.168.0.1
662,36,2022-06-11 16,scroll,page_4,322,desktop,192.168.0.2
18,612,2022-09-19 12,scroll,page_9,204,mobile,192.168.0.2
756,151,2022-01-22 15,hover,page_2,400,mobile,192.168.0.1
711,960,2022-10-17 19,scroll,page_1,133,mobile,192.168.0.1
737,588,2022-08-17 13,scroll,page_10,231,mobile,192.168.0.1
156,212,2022-06-11 18,hover,page_8,282,mobile,192.168.0.2
950,505,2022-09-12 16,click,page_8,134,mobile,192.168.0.2
87,173,2022-04-28 12,scroll,page_7,241,desktop,192.168.0.1
155,630,2022-03-25 17,hover,page_10,336,desktop,192.168.0.1
486,39,2022-05-18 04,click,page_9,120,desktop,192.168.0.1
698,43,2022-08-25 21,click,page_8,298,mobile,192.168.0.1
897,548,2022-06-06 10,scroll,page_10,306,desktop,192.168.0.2
562,616,2022-04-06 01,hover,page_5,466,mobile,192.168.0.1
413,699,2022-04-12 22,click,page_10,340,mobile,192.168.0.1
960,570,2022-01-02 20,click,page_3,345,desktop,192.168.0.1
573,370,2022-02-13 10,scroll,page_6,510,mobile,192.168.0.2
175,111,2022-06-12 15,scroll,page_4,569,desktop,192.168.0.1
56,430,2022-09-20 13,hover,page_2,158,desktop,192.168.0.1
92,515,2022-05-04 13,scroll,page_9,130,desktop,192.168.0.1
786,803,2022-11-23 15,hover,page_1,311,mobile,192.168.0.1
498,300,2022-04-26 21,hover,page_10,122,mobile,192.168.0.2
415,287,2022-02-24 15,scroll,page_2,156,desktop,192.168.0.1
79,681,2022-05-22 06,click,page_6,203,desktop,192.168.0.1
636,199,2022-09-22 01,hover,page_3,520,desktop,192.168.0.2
582,584,2022-05-08 19,scroll,page_9,271,desktop,192.168.0.1
802,910,2022-07-04 21,click,page_6,376,desktop,192.168.0.1
422,28,2022-06-18 23,scroll,page_6,392,desktop,192.168.0.1
774,600,2022-10-23 05,scroll,page_6,468,mobile,192.168.0.2
165,36,2022-02-11 17,scroll,page_1,426,mobile,192.168.0.2
389,369,2022-11-20 00,click,page_9,359,mobile,192.168.0.1
532,713,2022-06-17 16,scroll,page_10,391,desktop,192.168.0.2
831,342,2022-06-25 02,click,page_10,459,desktop,192.168.0.2
459,886,2022-12-27 20,hover,page_10,370,desktop,192.168.0.2
130,675,2022-09-15 13,click,page_9,286,mobile,192.168.0.2
902,210,2022-03-26 15,scroll,page_3,155,mobile,192.168.0.2
360,248,2022-11-16 13,click,page_10,111,mobile,192.168.0.1
454,192,2022-05-07 15,hover,page_1,591,desktop,192.168.0.2
84,426,2022-09-11 06,hover,page_6,276,mobile,192.168.0.2
391,284,2022-09-23 11,click,page_4,498,desktop,192.168.0.2
675,164,2022-04-05 05,click,page_6,561,desktop,192.168.0.1
63,350,2022-02-17 17,scroll,page_4,496,desktop,192.168.0.2
837,112,2022-09-14 02,hover,page_7,288,mobile,192.168.0.1
294,420,2022-02-09 03,scroll,page_9,195,desktop,192.168.0.2
877,551,2022-08-03 14,hover,page_3,118,desktop,192.168.0.2
423,472,2022-05-27 10,click,page_1,258,desktop,192.168.0.2
659,268,2022-03-14 19,scroll,page_4,102,mobile,192.168.0.1
669,827,2022-01-10 22,hover,page_7,437,mobile,192.168.0.2
518,995,2022-05-09 22,click,page_5,285,desktop,192.168.0.1
259,906,2022-06-14 18,scroll,page_5,323,mobile,192.168.0.1
804,774,2022-08-21 13,scroll,page_10,564,mobile,192.168.0.1
605,305,2022-09-19 02,hover,page_8,106,mobile,192.168.0.1
20,82,2022-12-15 09,scroll,page_9,107,desktop,192.168.0.1
50,581,2022-09-22 06,scroll,page_2,250,mobile,192.168.0.1
370,727,2022-04-22 17,click,page_4,268,desktop,192.168.0.1
680,266,2022-10-15 09,scroll,page_7,378,mobile,192.168.0.1
896,336,2022-02-08 04,scroll,page_2,417,desktop,192.168.0.2
486,544,2022-05-03 23,scroll,page_3,386,desktop,192.168.0.2
461,329,2022-12-07 22,scroll,page_2,476,mobile,192.168.0.1
883,380,2022-03-15 02,click,page_2,231,desktop,192.168.0.1
297,622,2022-06-06 00,click,page_2,307,mobile,192.168.0.2
80,394,2022-01-05 11,click,page_10,203,desktop,192.168.0.1
502,218,2022-08-11 21,click,page_5,469,desktop,192.168.0.1
228,501,2022-01-23 11,scroll,page_9,294,mobile,192.168.0.2
564,835,2022-05-20 04,click,page_1,416,mobile,192.168.0.2
64,563,2022-03-17 22,hover,page_4,547,desktop,192.168.0.1
550,611,2022-07-24 23,scroll,page_10,273,desktop,192.168.0.1
200,843,2022-11-18 23,scroll,page_5,253,desktop,192.168.0.2
814,452,2022-09-06 22,click,page_10,551,mobile,192.168.0.1
40,93,2022-01-20 08,click,page_7,477,desktop,192.168.0.1
95,315,2022-11-18 17,click,page_5,321,mobile,192.168.0.2
827,825,2022-06-25 11,hover,page_3,457,desktop,192.168.0.2
454,982,2022-12-06 17,hover,page_1,402,mobile,192.168.0.2
298,438,2022-09-12 09,click,page_3,186,desktop,192.168.0.2
794,208,2022-06-08 23,click,page_10,479,mobile,192.168.0.2
79,621,2022-06-18 20,scroll,page_7,313,mobile,192.168.0.1
82,156,2022-09-17 01,hover,page_8,430,mobile,192.168.0.2
885,48,2022-08-28 13,scroll,page_4,593,desktop,192.168.0.1
492,830,2022-02-07 03,scroll,page_7,129,desktop,192.168.0.1
629,657,2022-09-21 11,hover,page_1,419,mobile,192.168.0.2
624,754,2022-08-19 12,hover,page_4,467,desktop,192.168.0.1
699,698,2022-05-02 03,click,page_5,518,desktop,192.168.0.2
494,245,2022-04-26 13,scroll,page_8,391,desktop,192.168.0.1
277,995,2022-03-21 23,click,page_9,530,desktop,192.168.0.1
872,928,2022-05-22 20,click,page_5,473,desktop,192.168.0.2
559,909,2022-10-25 16,hover,page_3,538,mobile,192.168.0.1
999,923,2022-02-24 08,click,page_8,336,desktop,192.168.0.2
364,976,2022-07-18 10,scroll,page_5,318,desktop,192.168.0.2
574,518,2022-04-26 20,click,page_3,517,mobile,192.168.0.1
446,730,2022-12-01 00,click,page_3,108,mobile,192.168.0.1
804,405,2022-07-24 18,scroll,page_9,130,mobile,192.168.0.2
409,323,2022-09-23 21,hover,page_3,312,desktop,192.168.0.2
451,354,2022-08-16 16,scroll,page_10,132,desktop,192.168.0.1
870,452,2022-12-02 00,hover,page_4,457,mobile,192.168.0.1
854,655,2022-06-25 11,scroll,page_9,286,mobile,192.168.0.1
226,492,2022-05-18 21,click,page_8,312,mobile,192.168.0.1
982,854,2022-03-25 13,hover,page_3,349,mobile,192.168.0.1
775,933,2022-01-25 10,hover,page_6,178,desktop,192.168.0.1
937,813,2022-05-05 08,click,page_8,169,mobile,192.168.0.2
560,366,2022-10-25 10,click,page_8,589,mobile,192.168.0.2
260,949,2022-11-24 22,click,page_3,408,desktop,192.168.0.1
493,572,2022-09-06 01,hover,page_8,420,mobile,192.168.0.1
141,398,2022-10-13 18,scroll,page_4,224,desktop,192.168.0.1
379,893,2022-12-27 06,scroll,page_5,570,mobile,192.168.0.2
43,562,2022-07-16 09,hover,page_10,434,mobile,192.168.0.1
397,266,2022-08-03 01,hover,page_2,382,mobile,192.168.0.1
23,9,2022-08-24 08,hover,page_8,542,mobile,192.168.0.1
316,959,2022-01-21 08,scroll,page_9,102,desktop,192.168.0.2
340,531,2022-12-14 15,click,page_9,103,desktop,192.168.0.1
813,59,2022-10-26 00,hover,page_6,390,desktop,192.168.0.2
223,775,2022-06-18 19,click,page_9,489,mobile,192.168.0.2
729,567,2022-04-14 15,click,page_4,577,mobile,192.168.0.2
651,239,2022-04-14 19,scroll,page_2,453,mobile,192.168.0.1
823,15,2022-06-19 01,scroll,page_4,315,mobile,192.168.0.2
831,880,2022-11-13 12,click,page_7,494,desktop,192.168.0.2
124,920,2022-06-05 13,hover,page_10,197,desktop,192.168.0.1
949,12,2022-07-15 16,click,page_9,195,mobile,192.168.0.2
672,77,2022-06-26 02,hover,page_6,111,desktop,192.168.0.2
568,196,2022-05-01 02,click,page_1,155,mobile,192.168.0.1
130,818,2022-02-25 21,hover,page_7,386,desktop,192.168.0.2
494,536,2022-01-02 21,hover,page_1,427,desktop,192.168.0.1
913,649,2022-09-02 23,scroll,page_5,177,mobile,192.168.0.2
465,920,2022-12-20 18,hover,page_6,304,desktop,192.168.0.1
268,507,2022-08-08 20,click,page_3,520,mobile,192.168.0.1
919,990,2022-08-22 19,hover,page_8,405,mobile,192.168.0.2
156,132,2022-02-03 23,scroll,page_2,375,desktop,192.168.0.2
519,443,2022-12-09 14,scroll,page_6,301,desktop,192.168.0.2
425,731,2022-04-11 11,click,page_2,448,desktop,192.168.0.2
305,178,2022-08-19 08,click,page_2,328,desktop,192.168.0.2
602,647,2022-04-15 21,scroll,page_5,317,desktop,192.168.0.2
125,456,2022-06-01 07,scroll,page_5,591,desktop,192.168.0.2
681,339,2022-12-21 08,click,page_6,599,mobile,192.168.0.1
657,929,2022-03-02 19,hover,page_10,218,mobile,192.168.0.2
510,390,2022-02-01 04,scroll,page_9,482,desktop,192.168.0.1
628,420,2022-11-02 10,hover,page_6,547,desktop,192.168.0.1
534,686,2022-02-06 23,scroll,page_2,163,mobile,192.168.0.1
126,928,2022-05-04 10,scroll,page_3,532,mobile,192.168.0.1
487,620,2022-06-10 00,scroll,page_8,391,desktop,192.168.0.2
958,899,2022-02-22 18,scroll,page_9,300,mobile,192.168.0.1
347,633,2022-11-10 03,click,page_8,130,desktop,192.168.0.2
155,778,2022-10-06 12,hover,page_3,179,desktop,192.168.0.1
976,386,2022-02-14 04,click,page_7,264,mobile,192.168.0.1
316,256,2022-05-13 16,hover,page_6,481,desktop,192.168.0.2
12,473,2022-09-14 20,click,page_4,426,desktop,192.168.0.1
423,150,2022-07-16 08,click,page_9,364,desktop,192.168.0.2
724,389,2022-08-25 17,scroll,page_6,388,mobile,192.168.0.1
776,148,2022-11-15 08,hover,page_7,213,desktop,192.168.0.2
427,971,2022-10-27 16,scroll,page_8,353,desktop,192.168.0.2
366,987,2022-08-07 14,hover,page_7,250,desktop,192.168.0.1
382,66,2022-03-13 07,click,page_9,105,mobile,192.168.0.2
960,255,2022-09-01 19,hover,page_1,142,mobile,192.168.0.2
659,613,2022-07-16 12,click,page_4,319,desktop,192.168.0.1
476,819,2022-02-28 18,click,page_8,102,mobile,192.168.0.1
909,533,2022-09-14 01,scroll,page_8,524,desktop,192.168.0.1
823,543,2022-01-09 09,scroll,page_8,163,desktop,192.168.0.1
1000,735,2022-09-09 03,scroll,page_7,516,desktop,192.168.0.2
180,141,2022-03-19 05,scroll,page_4,596,mobile,192.168.0.2
344,341,2022-05-26 11,click,page_1,580,desktop,192.168.0.2
184,515,2022-03-10 08,click,page_2,204,desktop,192.168.0.2
512,182,2022-12-01 05,hover,page_8,512,mobile,192.168.0.2
423,397,2022-12-11 13,hover,page_2,439,mobile,192.168.0.1
80,945,2022-10-09 13,hover,page_10,267,mobile,192.168.0.2
318,292,2022-07-08 12,click,page_1,538,mobile,192.168.0.1
562,394,2022-10-18 13,hover,page_1,357,mobile,192.168.0.2
870,955,2022-03-16 00,click,page_2,357,desktop,192.168.0.2
756,836,2022-08-19 09,click,page_9,153,mobile,192.168.0.2
103,667,2022-07-16 12,click,page_3,241,desktop,192.168.0.2
353,163,2022-11-15 11,hover,page_4,242,desktop,192.168.0.2
948,720,2022-01-19 14,click,page_1,159,mobile,192.168.0.1
105,733,2022-12-04 23,hover,page_2,584,mobile,192.168.0.1
271,256,2022-02-03 08,click,page_6,333,mobile,192.168.0.2
829,604,2022-05-14 12,scroll,page_5,163,mobile,192.168.0.2
64,36,2022-12-20 19,hover,page_9,466,mobile,192.168.0.1
606,972,2022-06-09 08,hover,page_9,144,desktop,192.168.0.1
714,716,2022-04-16 06,scroll,page_3,561,desktop,192.168.0.1
221,821,2022-09-24 21,hover,page_9,200,desktop,192.168.0.2
857,106,2022-08-27 08,hover,page_3,353,mobile,192.168.0.2
586,3,2022-08-05 17,scroll,page_6,552,desktop,192.168.0.1
186,654,2022-05-21 10,click,page_10,233,mobile,192.168.0.2
898,399,2022-06-13 02,click,page_1,289,mobile,192.168.0.1
132,217,2022-01-08 14,scroll,page_7,195,mobile,192.168.0.1
343,306,2022-03-16 15,click,page_2,272,mobile,192.168.0.1
867,116,2022-10-01 12,scroll,page_9,305,mobile,192.168.0.1
500,363,2022-12-14 15,click,page_2,195,mobile,192.168.0.1
602,274,2022-01-11 03,hover,page_2,354,desktop,192.168.0.1
265,317,2022-11-14 09,click,page_10,392,mobile,192.168.0.2
821,588,2022-11-16 12,hover,page_4,569,mobile,192.168.0.2
32,428,2022-02-06 00,hover,page_7,245,desktop,192.168.0.2
270,210,2022-03-28 02,hover,page_6,406,mobile,192.168.0.1
632,821,2022-03-10 05,scroll,page_5,347,desktop,192.168.0.2
42,150,2022-12-23 22,scroll,page_6,224,desktop,192.168.0.2
993,800,2022-05-21 19,hover,page_10,479,mobile,192.168.0.1
477,393,2022-02-26 14,hover,page_4,360,desktop,192.168.0.1
644,575,2022-04-27 14,click,page_6,126,mobile,192.168.0.2
735,553,2022-04-23 20,scroll,page_5,255,desktop,192.168.0.1
558,736,2022-07-15 15,click,page_5,304,mobile,192.168.0.1
680,422,2022-07-27 09,scroll,page_7,580,mobile,192.168.0.2
201,52,2022-06-12 13,click,page_4,451,desktop,192.168.0.2
896,481,2022-10-11 05,click,page_3,177,desktop,192.168.0.1
927,637,2022-12-12 02,scroll,page_1,250,mobile,192.168.0.2
823,781,2022-03-09 16,scroll,page_5,423,desktop,192.168.0.1
631,242,2022-11-03 08,hover,page_8,462,mobile,192.168.0.1
464,419,2022-08-12 09,click,page_1,280,mobile,192.168.0.1
132,514,2022-05-04 09,scroll,page_8,104,mobile,192.168.0.1
11,195,2022-08-12 21,scroll,page_7,580,mobile,192.168.0.2
209,632,2022-01-28 01,click,page_9,275,desktop,192.168.0.2
960,567,2022-10-01 10,scroll,page_5,472,desktop,192.168.0.1
671,52,2022-01-07 09,scroll,page_6,576,mobile,192.168.0.1
36,958,2022-07-28 20,hover,page_5,342,desktop,192.168.0.2
224,81,2022-07-17 11,click,page_4,375,desktop,192.168.0.2
30,808,2022-04-17 16,hover,page_4,525,mobile,192.168.0.2
932,422,2022-02-25 00,scroll,page_7,587,mobile,192.168.0.1
77,303,2022-02-01 06,click,page_5,581,desktop,192.168.0.2
976,147,2022-04-02 20,hover,page_4,174,desktop,192.168.0.1
580,276,2022-12-21 06,hover,page_4,325,desktop,192.168.0.1
499,188,2022-12-17 11,scroll,page_5,292,desktop,192.168.0.2
922,436,2022-03-21 06,click,page_3,188,mobile,192.168.0.2
672,636,2022-03-04 19,hover,page_4,383,mobile,192.168.0.1
527,328,2022-04-24 00,hover,page_3,491,desktop,192.168.0.1
565,625,2022-09-23 06,hover,page_10,367,desktop,192.168.0.2
161,366,2022-06-21 15,scroll,page_5,528,mobile,192.168.0.2
474,456,2022-02-25 07,hover,page_2,388,desktop,192.168.0.2
436,695,2022-03-24 17,hover,page_8,409,mobile,192.168.0.2
167,63,2022-03-20 05,hover,page_6,189,desktop,192.168.0.1
516,599,2022-02-22 14,click,page_10,265,mobile,192.168.0.2
47,352,2022-09-11 19,click,page_10,344,mobile,192.168.0.1
595,522,2022-08-02 16,hover,page_7,533,desktop,192.168.0.2
358,873,2022-09-10 20,hover,page_1,382,desktop,192.168.0.1
360,765,2022-10-09 17,scroll,page_2,141,mobile,192.168.0.1
657,900,2022-05-11 10,click,page_2,455,mobile,192.168.0.2
618,973,2022-11-22 03,scroll,page_10,267,mobile,192.168.0.1
646,812,2022-02-15 17,click,page_6,517,mobile,192.168.0.2
643,340,2022-01-13 12,scroll,page_10,520,desktop,192.168.0.1
453,985,2022-09-25 06,scroll,page_10,360,mobile,192.168.0.2
338,204,2022-11-14 08,click,page_10,213,desktop,192.168.0.1
311,464,2022-12-25 22,scroll,page_1,306,desktop,192.168.0.2
980,263,2022-03-21 09,click,page_6,173,mobile,192.168.0.1
83,769,2022-09-19 21,scroll,page_4,123,mobile,192.168.0.1
771,358,2022-01-11 20,hover,page_2,539,desktop,192.168.0.2
515,343,2022-05-07 09,click,page_2,398,desktop,192.168.0.1
47,279,2022-02-27 14,scroll,page_7,556,mobile,192.168.0.1
997,52,2022-05-20 20,scroll,page_6,453,desktop,192.168.0.2
873,501,2022-09-15 04,click,page_1,283,desktop,192.168.0.2
94,106,2022-05-28 23,scroll,page_3,403,desktop,192.168.0.2
342,34,2022-03-13 14,scroll,page_7,384,desktop,192.168.0.1
237,253,2022-07-25 08,hover,page_4,148,mobile,192.168.0.1
837,884,2022-07-08 16,click,page_2,429,mobile,192.168.0.2
774,148,2022-04-01 18,click,page_2,542,desktop,192.168.0.1
668,298,2022-01-23 11,hover,page_5,588,desktop,192.168.0.1
941,941,2022-05-03 11,hover,page_5,588,mobile,192.168.0.1
188,540,2022-02-18 00,scroll,page_7,252,desktop,192.168.0.2
912,993,2022-07-23 03,scroll,page_8,168,desktop,192.168.0.2
398,227,2022-01-28 09,click,page_3,164,desktop,192.168.0.2
615,88,2022-07-26 18,scroll,page_9,483,desktop,192.168.0.2
994,985,2022-06-25 10,scroll,page_10,113,desktop,192.168.0.2
649,995,2022-10-09 18,scroll,page_3,500,desktop,192.168.0.2
199,852,2022-04-24 22,hover,page_3,515,mobile,192.168.0.1
179,548,2022-05-20 04,click,page_4,480,desktop,192.168.0.1
802,44,2022-12-04 01,click,page_5,374,desktop,192.168.0.2
451,756,2022-08-17 16,hover,page_6,425,mobile,192.168.0.2
537,844,2022-04-23 03,click,page_9,595,desktop,192.168.0.1
8,260,2022-02-19 12,click,page_5,312,desktop,192.168.0.2
170,246,2022-05-22 10,click,page_8,422,desktop,192.168.0.2
748,540,2022-08-02 13,click,page_1,233,desktop,192.168.0.1
259,775,2022-03-02 16,click,page_1,122,desktop,192.168.0.2
923,756,2022-07-20 19,hover,page_5,498,mobile,192.168.0.1
262,484,2022-07-09 22,click,page_10,237,desktop,192.168.0.1
592,845,2022-02-02 19,hover,page_9,412,desktop,192.168.0.1
820,773,2022-12-15 05,hover,page_9,457,desktop,192.168.0.2
441,568,2022-05-13 13,hover,page_2,584,mobile,192.168.0.2
88,849,2022-05-21 22,hover,page_2,414,desktop,192.168.0.2
573,304,2022-07-26 09,scroll,page_10,260,mobile,192.168.0.1
142,901,2022-07-12 21,hover,page_5,198,mobile,192.168.0.1
977,912,2022-01-12 22,hover,page_9,306,desktop,192.168.0.2
772,85,2022-02-20 12,hover,page_5,339,desktop,192.168.0.1
171,629,2022-01-13 10,click,page_4,228,mobile,192.168.0.2
421,479,2022-03-21 09,scroll,page_7,273,mobile,192.168.0.2
11,153,2022-12-25 22,hover,page_3,112,mobile,192.168.0.2
753,916,2022-06-04 09,click,page_3,459,desktop,192.168.0.1
151,12,2022-10-20 10,scroll,page_3,210,desktop,192.168.0.1
396,968,2022-11-12 15,click,page_8,439,mobile,192.168.0.1
870,742,2022-02-15 09,click,page_3,410,mobile,192.168.0.2
941,989,2022-08-10 05,click,page_1,499,mobile,192.168.0.1
515,273,2022-11-17 18,click,page_9,562,desktop,192.168.0.2
599,599,2022-06-07 05,hover,page_5,252,mobile,192.168.0.1
795,509,2022-04-11 15,click,page_5,267,desktop,192.168.0.1
396,220,2022-03-26 13,click,page_8,122,desktop,192.168.0.2
616,436,2022-03-14 11,scroll,page_2,210,mobile,192.168.0.1
716,830,2022-11-09 12,hover,page_9,386,mobile,192.168.0.1
507,536,2022-09-19 00,scroll,page_9,579,mobile,192.168.0.2
786,614,2022-03-20 04,hover,page_7,336,desktop,192.168.0.1
208,272,2022-05-20 05,hover,page_6,441,mobile,192.168.0.2
851,23,2022-03-10 22,scroll,page_4,217,mobile,192.168.0.1
756,442,2022-09-11 07,click,page_5,302,mobile,192.168.0.2
700,801,2022-08-02 18,scroll,page_8,166,mobile,192.168.0.1
627,742,2022-08-09 09,click,page_8,128,mobile,192.168.0.2
794,92,2022-01-28 13,hover,page_4,386,desktop,192.168.0.1
307,346,2022-05-18 10,hover,page_5,140,mobile,192.168.0.2
388,418,2022-08-17 17,click,page_2,402,desktop,192.168.0.2
700,648,2022-11-06 00,hover,page_10,592,mobile,192.168.0.2
166,686,2022-08-22 00,scroll,page_7,328,mobile,192.168.0.1
270,121,2022-04-16 22,hover,page_5,595,desktop,192.168.0.1
737,407,2022-05-09 10,hover,page_5,493,mobile,192.168.0.1
994,939,2022-10-07 12,scroll,page_1,421,mobile,192.168.0.1
211,946,2022-10-28 05,hover,page_10,393,desktop,192.168.0.1
692,215,2022-12-26 07,scroll,page_9,444,mobile,192.168.0.1
765,628,2022-03-11 21,hover,page_7,121,desktop,192.168.0.1
548,872,2022-11-05 20,scroll,page_1,574,desktop,192.168.0.1
48,633,2022-11-02 04,click,page_3,183,desktop,192.168.0.2
712,340,2022-12-14 18,click,page_1,456,mobile,192.168.0.2
77,664,2022-03-14 17,hover,page_3,107,desktop,192.168.0.1
377,77,2022-03-25 19,hover,page_9,183,mobile,192.168.0.2
747,973,2022-11-11 22,hover,page_6,433,desktop,192.168.0.1
177,964,2022-07-08 20,hover,page_9,281,mobile,192.168.0.1
783,384,2022-02-10 11,click,page_1,198,desktop,192.168.0.1
268,462,2022-07-21 02,click,page_5,276,mobile,192.168.0.1
976,356,2022-04-18 15,hover,page_4,463,mobile,192.168.0.1
495,221,2022-02-20 14,click,page_6,276,desktop,192.168.0.1
200,989,2022-02-28 01,click,page_6,479,mobile,192.168.0.1
774,399,2022-06-09 09,hover,page_2,444,desktop,192.168.0.2
947,417,2022-10-26 09,scroll,page_5,323,desktop,192.168.0.1
806,895,2022-04-26 02,hover,page_4,374,mobile,192.168.0.2
852,870,2022-04-05 00,hover,page_10,537,mobile,192.168.0.1
549,760,2022-09-07 20,hover,page_9,243,mobile,192.168.0.2
920,860,2022-03-18 23,hover,page_7,480,desktop,192.168.0.2
966,461,2022-06-24 12,click,page_5,287,desktop,192.168.0.1
976,464,2022-12-04 21,hover,page_2,292,mobile,192.168.0.1
282,548,2022-04-01 23,scroll,page_8,374,desktop,192.168.0.1
520,448,2022-07-13 12,hover,page_7,304,mobile,192.168.0.1
813,202,2022-11-20 17,scroll,page_8,162,mobile,192.168.0.2
342,986,2022-01-25 01,click,page_9,210,mobile,192.168.0.2
184,568,2022-02-26 17,scroll,page_1,324,mobile,192.168.0.1
883,421,2022-12-03 13,hover,page_6,549,desktop,192.168.0.2
306,420,2022-07-10 08,scroll,page_7,240,mobile,192.168.0.2
555,147,2022-12-03 07,scroll,page_3,233,desktop,192.168.0.2
660,911,2022-07-20 05,hover,page_4,554,desktop,192.168.0.2
852,360,2022-08-14 04,click,page_9,133,mobile,192.168.0.1
85,312,2022-09-03 02,click,page_2,189,desktop,192.168.0.2
633,901,2022-07-24 18,scroll,page_1,243,desktop,192.168.0.2
845,704,2022-12-25 04,scroll,page_7,527,mobile,192.168.0.2
659,682,2022-09-16 23,hover,page_7,365,desktop,192.168.0.2
968,374,2022-05-12 02,scroll,page_3,125,desktop,192.168.0.2
46,80,2022-04-13 13,scroll,page_5,170,mobile,192.168.0.1
208,291,2022-04-07 08,hover,page_4,307,desktop,192.168.0.2
292,768,2022-09-20 01,hover,page_5,141,mobile,192.168.0.1
739,719,2022-10-21 20,click,page_2,206,mobile,192.168.0.1
688,101,2022-03-24 00,scroll,page_3,228,mobile,192.168.0.2
468,683,2022-06-21 12,hover,page_9,574,mobile,192.168.0.2
480,393,2022-02-07 00,click,page_8,496,mobile,192.168.0.2
244,239,2022-06-08 16,scroll,page_5,507,desktop,192.168.0.1
901,617,2022-08-03 08,hover,page_6,551,mobile,192.168.0.1
315,318,2022-02-11 02,hover,page_6,400,desktop,192.168.0.2
297,222,2022-02-04 11,click,page_3,333,desktop,192.168.0.1
212,353,2022-07-24 09,scroll,page_7,328,desktop,192.168.0.2
281,700,2022-02-28 00,hover,page_1,163,desktop,192.168.0.2
435,815,2022-03-27 06,click,page_9,410,mobile,192.168.0.2
106,102,2022-02-26 07,hover,page_2,348,mobile,192.168.0.2
303,644,2022-09-11 08,hover,page_8,194,desktop,192.168.0.2
936,624,2022-08-02 00,hover,page_1,477,desktop,192.168.0.2
541,13,2022-01-14 22,scroll,page_6,504,mobile,192.168.0.2
811,920,2022-11-11 23,hover,page_3,266,desktop,192.168.0.1
438,993,2022-01-10 13,scroll,page_9,214,mobile,192.168.0.1
369,291,2022-03-19 04,scroll,page_3,419,mobile,192.168.0.1
561,859,2022-01-19 18,scroll,page_9,562,mobile,192.168.0.2
906,645,2022-05-06 00,scroll,page_9,139,desktop,192.168.0.1
14,103,2022-05-23 14,click,page_7,152,mobile,192.168.0.1
293,741,2022-05-10 20,scroll,page_6,476,mobile,192.168.0.1
750,103,2022-11-18 06,scroll,page_10,146,mobile,192.168.0.1
709,50,2022-03-04 06,click,page_5,471,desktop,192.168.0.1
857,535,2022-09-07 22,hover,page_9,250,mobile,192.168.0.1
406,562,2022-10-07 12,hover,page_10,293,desktop,192.168.0.1
141,637,2022-01-25 11,scroll,page_5,386,desktop,192.168.0.2
247,446,2022-08-05 05,click,page_8,209,desktop,192.168.0.1
783,186,2022-12-23 08,hover,page_10,356,desktop,192.168.0.2
924,104,2022-10-19 06,scroll,page_4,504,desktop,192.168.0.1
937,891,2022-10-10 07,click,page_1,296,mobile,192.168.0.2
258,264,2022-11-19 06,click,page_3,296,desktop,192.168.0.2
209,150,2022-02-18 12,hover,page_5,407,desktop,192.168.0.2
897,362,2022-06-05 10,click,page_6,192,desktop,192.168.0.2
833,511,2022-11-05 18,click,page_7,365,mobile,192.168.0.2
872,987,2022-07-11 10,click,page_10,364,desktop,192.168.0.1
98,59,2022-11-08 16,hover,page_10,464,desktop,192.168.0.1
202,991,2022-02-19 10,hover,page_7,532,mobile,192.168.0.1
387,729,2022-02-13 10,click,page_4,404,desktop,192.168.0.2
151,38,2022-07-09 20,scroll,page_10,583,mobile,192.168.0.1
475,21,2022-09-14 12,hover,page_8,283,desktop,192.168.0.1
882,673,2022-03-13 22,scroll,page_7,563,desktop,192.168.0.2
980,864,2022-06-01 22,click,page_4,447,mobile,192.168.0.2
483,459,2022-08-03 11,click,page_3,463,desktop,192.168.0.2
322,457,2022-04-14 02,hover,page_5,396,desktop,192.168.0.2
799,36,2022-02-15 07,hover,page_10,104,desktop,192.168.0.2
427,475,2022-07-01 06,scroll,page_7,407,desktop,192.168.0.2
